{
  "ols": {
    "tp": 77,
    "fn": 87,
    "fp": 47,
    "tn": 460,
    "accuracy": 0.8002980625931445,
    "precision": 0.6209677419354839,
    "recall": 0.4695121951219512,
    "f1": 0.5347222222222222,
    "roc_auc": 0.8474647616298648,
    "fpr": 0.09270216962524655,
    "fnr": 0.5304878048780488,
    "total_cases": 671,
    "actual_hesitant": 164,
    "actual_not_hesitant": 507
  },
  "ridge": {
    "tp": 76,
    "fn": 88,
    "fp": 42,
    "tn": 465,
    "accuracy": 0.8062593144560357,
    "precision": 0.6440677966101694,
    "recall": 0.4634146341463415,
    "f1": 0.5390070921985816,
    "roc_auc": 0.8496776831673643,
    "fpr": 0.08284023668639054,
    "fnr": 0.5365853658536586,
    "total_cases": 671,
    "actual_hesitant": 164,
    "actual_not_hesitant": 507
  },
  "lasso": {
    "tp": 76,
    "fn": 88,
    "fp": 43,
    "tn": 464,
    "accuracy": 0.8047690014903129,
    "precision": 0.6386554621848739,
    "recall": 0.4634146341463415,
    "f1": 0.5371024734982333,
    "roc_auc": 0.8497498436522826,
    "fpr": 0.08481262327416174,
    "fnr": 0.5365853658536586,
    "total_cases": 671,
    "actual_hesitant": 164,
    "actual_not_hesitant": 507
  },
  "decision_tree": {
    "tp": 91,
    "fn": 73,
    "fp": 85,
    "tn": 422,
    "accuracy": 0.7645305514157973,
    "precision": 0.5170454545454546,
    "recall": 0.5548780487804879,
    "f1": 0.5352941176470588,
    "roc_auc": 0.7959421753980853,
    "fpr": 0.16765285996055226,
    "fnr": 0.4451219512195122,
    "total_cases": 671,
    "actual_hesitant": 164,
    "actual_not_hesitant": 507
  },
  "random_forest": {
    "tp": 68,
    "fn": 96,
    "fp": 33,
    "tn": 474,
    "accuracy": 0.8077496274217586,
    "precision": 0.6732673267326733,
    "recall": 0.4146341463414634,
    "f1": 0.5132075471698113,
    "roc_auc": 0.8540674459999037,
    "fpr": 0.0650887573964497,
    "fnr": 0.5853658536585366,
    "total_cases": 671,
    "actual_hesitant": 164,
    "actual_not_hesitant": 507
  }
}