,tp,fn,fp,tn,accuracy,precision,recall,f1,roc_auc,fpr,fnr,total_cases,actual_hesitant,actual_not_hesitant
ols,117,47,30,477,0.8852459016393442,0.7959183673469388,0.7134146341463414,0.752411575562701,0.9394332996584404,0.05917159763313609,0.2865853658536585,671,164,507
ridge,117,47,30,477,0.8852459016393442,0.7959183673469388,0.7134146341463414,0.752411575562701,0.9404555731947851,0.05917159763313609,0.2865853658536585,671,164,507
lasso,118,46,28,479,0.8897168405365127,0.8082191780821918,0.7195121951219512,0.7612903225806451,0.939950449800356,0.055226824457593686,0.2804878048780488,671,164,507
decision_tree,114,50,28,479,0.8837555886736215,0.8028169014084507,0.6951219512195121,0.7450980392156863,0.9279537691826623,0.055226824457593686,0.3048780487804878,671,164,507
random_forest,111,53,27,480,0.8807749627421758,0.8043478260869565,0.676829268292683,0.7350993377483444,0.9250372829172078,0.05325443786982249,0.3231707317073171,671,164,507
