{
  "ols": {
    "tp": 117,
    "fn": 47,
    "fp": 30,
    "tn": 477,
    "accuracy": 0.8852459016393442,
    "precision": 0.7959183673469388,
    "recall": 0.7134146341463414,
    "f1": 0.752411575562701,
    "roc_auc": 0.9394332996584404,
    "fpr": 0.05917159763313609,
    "fnr": 0.2865853658536585,
    "total_cases": 671,
    "actual_hesitant": 164,
    "actual_not_hesitant": 507
  },
  "ridge": {
    "tp": 117,
    "fn": 47,
    "fp": 30,
    "tn": 477,
    "accuracy": 0.8852459016393442,
    "precision": 0.7959183673469388,
    "recall": 0.7134146341463414,
    "f1": 0.752411575562701,
    "roc_auc": 0.9404555731947851,
    "fpr": 0.05917159763313609,
    "fnr": 0.2865853658536585,
    "total_cases": 671,
    "actual_hesitant": 164,
    "actual_not_hesitant": 507
  },
  "lasso": {
    "tp": 118,
    "fn": 46,
    "fp": 28,
    "tn": 479,
    "accuracy": 0.8897168405365127,
    "precision": 0.8082191780821918,
    "recall": 0.7195121951219512,
    "f1": 0.7612903225806451,
    "roc_auc": 0.939950449800356,
    "fpr": 0.055226824457593686,
    "fnr": 0.2804878048780488,
    "total_cases": 671,
    "actual_hesitant": 164,
    "actual_not_hesitant": 507
  },
  "decision_tree": {
    "tp": 114,
    "fn": 50,
    "fp": 28,
    "tn": 479,
    "accuracy": 0.8837555886736215,
    "precision": 0.8028169014084507,
    "recall": 0.6951219512195121,
    "f1": 0.7450980392156863,
    "roc_auc": 0.9279537691826623,
    "fpr": 0.055226824457593686,
    "fnr": 0.3048780487804878,
    "total_cases": 671,
    "actual_hesitant": 164,
    "actual_not_hesitant": 507
  },
  "random_forest": {
    "tp": 109,
    "fn": 55,
    "fp": 24,
    "tn": 483,
    "accuracy": 0.8822652757078987,
    "precision": 0.8195488721804511,
    "recall": 0.6646341463414634,
    "f1": 0.734006734006734,
    "roc_auc": 0.9233896185115698,
    "fpr": 0.047337278106508875,
    "fnr": 0.3353658536585366,
    "total_cases": 671,
    "actual_hesitant": 164,
    "actual_not_hesitant": 507
  }
}