,tp,fn,fp,tn,accuracy,precision,recall,f1,roc_auc,fpr,fnr,total_cases,actual_hesitant,actual_not_hesitant
ols,77,87,47,460,0.8002980625931445,0.6209677419354839,0.4695121951219512,0.5347222222222222,0.8474647616298648,0.09270216962524655,0.5304878048780488,671,164,507
ridge,76,88,42,465,0.8062593144560357,0.6440677966101694,0.4634146341463415,0.5390070921985816,0.8496776831673643,0.08284023668639054,0.5365853658536586,671,164,507
lasso,76,88,43,464,0.8047690014903129,0.6386554621848739,0.4634146341463415,0.5371024734982333,0.8497498436522826,0.08481262327416174,0.5365853658536586,671,164,507
decision_tree,91,73,85,422,0.7645305514157973,0.5170454545454546,0.5548780487804879,0.5352941176470588,0.7959421753980853,0.16765285996055226,0.4451219512195122,671,164,507
random_forest,68,96,33,474,0.8077496274217586,0.6732673267326733,0.4146341463414634,0.5132075471698113,0.8540674459999037,0.0650887573964497,0.5853658536585366,671,164,507
