,ols,ridge,lasso,decision_tree,random_forest
count,8684.0,8684.0,8684.0,8684.0,8684.0
mean,0.15800918551561827,0.1543634615728097,0.17082727067789624,0.22664465723051938,0.18298848221181896
std,0.13723989566001937,0.11818600908205594,0.11120216913408852,0.14326497321287818,0.07505169143109798
min,0.0025583721108416446,0.005404155346279227,0.008797975358366001,0.11864406779661017,0.022153896358843354
25%,0.05696977872631952,0.06652129691442146,0.08637268222242522,0.11864406779661017,0.12315864347666465
50%,0.1193186465575988,0.12413945275811898,0.1488176315347931,0.11864406779661017,0.1795003975215989
75%,0.21443159509953105,0.20863631062800408,0.23011177422091855,0.4166666666666667,0.23850322111143668
max,0.9188583846455028,0.808340971139551,0.7120716156819686,0.4166666666666667,0.4103364440820273
