,ols,ridge,lasso,decision_tree,random_forest
count,8684.0,8684.0,8684.0,8684.0,8684.0
mean,0.15800918551607074,0.15436346157280945,0.1708272706779042,0.22664465723051938,0.18207854001178897
std,0.13723989566040187,0.11818600908205568,0.11120216913409274,0.14326497321287818,0.07372478547205448
min,0.002558372110879946,0.005404155346279257,0.008797975358366374,0.11864406779661017,0.015935699845869643
25%,0.0569697787261302,0.06652129691442163,0.08637268222243268,0.11864406779661017,0.12443216784675958
50%,0.11931864655706001,0.12413945275811865,0.1488176315348055,0.11864406779661017,0.17784501310033385
75%,0.21443159510069545,0.20863631062800386,0.23011177422093362,0.4166666666666667,0.23470997354194073
max,0.9188583846508525,0.8083409711395501,0.712071615681976,0.4166666666666667,0.44502033378600403
